Make,Zipcode,Content
Acura,47906,"3877 Amber Lane, West Lafayette, 47906, 765-333-4433"
Alfa Romeo,47906,"3877 Amber Lane, West Lafayette, 47906, 765-333-4433"
AM General,47906,"3877 Amber Lane, West Lafayette, 47906, 765-333-4433"
American Motors Corporation,47906,"3877 Amber Lane, West Lafayette, 47906, 765-333-4433"
ASC Incorporated,47906,"3877 Amber Lane, West Lafayette, 47906, 765-333-4433"
Aston Martin,47906,"3877 Amber Lane, West Lafayette, 47906, 765-333-4433"
Audi,47906,"3877 Amber Lane, West Lafayette, 47906, 765-333-4433"
Aurora Cars Ltd,47906,"3877 Amber Lane, West Lafayette, 47906, 765-333-4433"
Autokraft Limited,47906,"3877 Amber Lane, West Lafayette, 47906, 765-333-4433"
Avanti Motor Corporation,47906,"3877 Amber Lane, West Lafayette, 47906, 765-333-4433"
Azure Dynamics,47906,"3877 Amber Lane, West Lafayette, 47906, 765-333-4433"
Bentley,47906,"3877 Amber Lane, West Lafayette, 47906, 765-333-4433"
Bertone,47906,"3877 Amber Lane, West Lafayette, 47906, 765-333-4433"
Bill Dovell Motor Car Company,47906,"3877 Amber Lane, West Lafayette, 47906, 765-333-4433"
Bitter Gmbh and Co. Kg,47906,"3877 Amber Lane, West Lafayette, 47906, 765-333-4433"
BMW,47906,"3877 Amber Lane, West Lafayette, 47906, 765-333-4433"
BMW Alpina,47906,"3877 Amber Lane, West Lafayette, 47906, 765-333-4433"
Bugatti,47906,"3877 Amber Lane, West Lafayette, 47906, 765-333-4433"
Buick,47906,"3877 Amber Lane, West Lafayette, 47906, 765-333-4433"
BYD,47906,"3877 Amber Lane, West Lafayette, 47906, 765-333-4433"
Cadillac,47906,"3877 Amber Lane, West Lafayette, 47906, 765-333-4433"
CCC Engineering,47906,"3877 Amber Lane, West Lafayette, 47906, 765-333-4433"
Chevrolet,47906,"3877 Amber Lane, West Lafayette, 47906, 765-333-4433"
Chrysler,47906,"3877 Amber Lane, West Lafayette, 47906, 765-333-4433"
CODA Automotive,47906,"3877 Amber Lane, West Lafayette, 47906, 765-333-4433"
Consulier Industries Inc,47906,"3877 Amber Lane, West Lafayette, 47906, 765-333-4433"
CX Automotive,47906,"3877 Amber Lane, West Lafayette, 47906, 765-333-4433"
Dabryan Coach Builders Inc,47906,"3877 Amber Lane, West Lafayette, 47906, 765-333-4433"
Dacia,47906,"3877 Amber Lane, West Lafayette, 47906, 765-333-4433"
Daewoo,47906,"3877 Amber Lane, West Lafayette, 47906, 765-333-4433"
Daihatsu,47906,"3877 Amber Lane, West Lafayette, 47906, 765-333-4433"
Dodge,47906,"3877 Amber Lane, West Lafayette, 47906, 765-333-4433"
"E. P. Dutton, Inc.",47906,"3877 Amber Lane, West Lafayette, 47906, 765-333-4433"
Eagle,47906,"3877 Amber Lane, West Lafayette, 47906, 765-333-4433"
Environmental Rsch and Devp Corp,47906,"3877 Amber Lane, West Lafayette, 47906, 765-333-4433"
Evans Automobiles,47906,"3877 Amber Lane, West Lafayette, 47906, 765-333-4433"
Excalibur Autos,47906,"3877 Amber Lane, West Lafayette, 47906, 765-333-4433"
Federal Coach,47906,"3877 Amber Lane, West Lafayette, 47906, 765-333-4433"
Ferrari,47906,"3877 Amber Lane, West Lafayette, 47906, 765-333-4433"
Fiat,47906,"3877 Amber Lane, West Lafayette, 47906, 765-333-4433"
Fisker,47906,"3877 Amber Lane, West Lafayette, 47906, 765-333-4433"
Ford,47906,"3877 Amber Lane, West Lafayette, 47906, 765-333-4433"
General Motors,47906,"3877 Amber Lane, West Lafayette, 47906, 765-333-4433"
Genesis,47906,"3877 Amber Lane, West Lafayette, 47906, 765-333-4433"
Geo,47906,"3877 Amber Lane, West Lafayette, 47906, 765-333-4433"
GMC,47906,"3877 Amber Lane, West Lafayette, 47906, 765-333-4433"
Goldacre,47906,"3877 Amber Lane, West Lafayette, 47906, 765-333-4433"
Grumman Allied Industries,47906,"3877 Amber Lane, West Lafayette, 47906, 765-333-4433"
Grumman Olson,47906,"3877 Amber Lane, West Lafayette, 47906, 765-333-4433"
Honda,47906,"3877 Amber Lane, West Lafayette, 47906, 765-333-4433"
Hummer,47906,"3877 Amber Lane, West Lafayette, 47906, 765-333-4433"
Hyundai,47906,"3877 Amber Lane, West Lafayette, 47906, 765-333-4433"
Import Foreign Auto Sales Inc,47906,"3877 Amber Lane, West Lafayette, 47906, 765-333-4433"
Import Trade Services,47906,"3877 Amber Lane, West Lafayette, 47906, 765-333-4433"
Infiniti,47906,"3877 Amber Lane, West Lafayette, 47906, 765-333-4433"
Isis Imports Ltd,47906,"3877 Amber Lane, West Lafayette, 47906, 765-333-4433"
Isuzu,47906,"3877 Amber Lane, West Lafayette, 47906, 765-333-4433"
J.K. Motors,47906,"3877 Amber Lane, West Lafayette, 47906, 765-333-4433"
Jaguar,47906,"3877 Amber Lane, West Lafayette, 47906, 765-333-4433"
"JBA Motorcars, Inc.",47906,"3877 Amber Lane, West Lafayette, 47906, 765-333-4433"
Jeep,47906,"3877 Amber Lane, West Lafayette, 47906, 765-333-4433"
Karma,47906,"3877 Amber Lane, West Lafayette, 47906, 765-333-4433"
Kenyon Corporation Of America,47906,"3877 Amber Lane, West Lafayette, 47906, 765-333-4433"
Kia,47906,"3877 Amber Lane, West Lafayette, 47906, 765-333-4433"
Laforza Automobile Inc,47906,"3877 Amber Lane, West Lafayette, 47906, 765-333-4433"
Lambda Control Systems,47906,"3877 Amber Lane, West Lafayette, 47906, 765-333-4433"
Lamborghini,47906,"3877 Amber Lane, West Lafayette, 47906, 765-333-4433"
Land Rover,47906,"3877 Amber Lane, West Lafayette, 47906, 765-333-4433"
Lexus,47906,"3877 Amber Lane, West Lafayette, 47906, 765-333-4433"
Lincoln,47906,"3877 Amber Lane, West Lafayette, 47906, 765-333-4433"
London Coach Co Inc,47906,"3877 Amber Lane, West Lafayette, 47906, 765-333-4433"
London Taxi,47906,"3877 Amber Lane, West Lafayette, 47906, 765-333-4433"
Lotus,47906,"3877 Amber Lane, West Lafayette, 47906, 765-333-4433"
Mahindra,47906,"3877 Amber Lane, West Lafayette, 47906, 765-333-4433"
Maserati,47906,"3877 Amber Lane, West Lafayette, 47906, 765-333-4433"
Maybach,47906,"3877 Amber Lane, West Lafayette, 47906, 765-333-4433"
Mazda,47906,"3877 Amber Lane, West Lafayette, 47906, 765-333-4433"
Mcevoy Motors,47906,"3877 Amber Lane, West Lafayette, 47906, 765-333-4433"
McLaren Automotive,47906,"3877 Amber Lane, West Lafayette, 47906, 765-333-4433"
Mercedes-Benz,47906,"3877 Amber Lane, West Lafayette, 47906, 765-333-4433"
Mercury,47906,"3877 Amber Lane, West Lafayette, 47906, 765-333-4433"
Merkur,47906,"3877 Amber Lane, West Lafayette, 47906, 765-333-4433"
MINI,47906,"3877 Amber Lane, West Lafayette, 47906, 765-333-4433"
Mitsubishi,47906,"3877 Amber Lane, West Lafayette, 47906, 765-333-4433"
Mobility Ventures LLC,47906,"3877 Amber Lane, West Lafayette, 47906, 765-333-4433"
Morgan,47906,"3877 Amber Lane, West Lafayette, 47906, 765-333-4433"
Nissan,47906,"3877 Amber Lane, West Lafayette, 47906, 765-333-4433"
Oldsmobile,47906,"3877 Amber Lane, West Lafayette, 47906, 765-333-4433"
Pagani,47906,"3877 Amber Lane, West Lafayette, 47906, 765-333-4433"
Panos,47906,"3877 Amber Lane, West Lafayette, 47906, 765-333-4433"
Panoz Auto-Development,47906,"3877 Amber Lane, West Lafayette, 47906, 765-333-4433"
Panther Car Company Limited,47906,"3877 Amber Lane, West Lafayette, 47906, 765-333-4433"
PAS Inc - GMC,47906,"3877 Amber Lane, West Lafayette, 47906, 765-333-4433"
"PAS, Inc",47906,"3877 Amber Lane, West Lafayette, 47906, 765-333-4433"
Peugeot,47906,"3877 Amber Lane, West Lafayette, 47906, 765-333-4433"
Pininfarina,47906,"3877 Amber Lane, West Lafayette, 47906, 765-333-4433"
Plymouth,47906,"3877 Amber Lane, West Lafayette, 47906, 765-333-4433"
Pontiac,47906,"3877 Amber Lane, West Lafayette, 47906, 765-333-4433"
Porsche,47906,"3877 Amber Lane, West Lafayette, 47906, 765-333-4433"
Quantum Technologies,47906,"3877 Amber Lane, West Lafayette, 47906, 765-333-4433"
Qvale,47906,"3877 Amber Lane, West Lafayette, 47906, 765-333-4433"
Ram,47906,"3877 Amber Lane, West Lafayette, 47906, 765-333-4433"
Red Shift Ltd.,47906,"3877 Amber Lane, West Lafayette, 47906, 765-333-4433"
Renault,47906,"3877 Amber Lane, West Lafayette, 47906, 765-333-4433"
Rolls-Royce,47906,"3877 Amber Lane, West Lafayette, 47906, 765-333-4433"
Roush Performance,47906,"3877 Amber Lane, West Lafayette, 47906, 765-333-4433"
Ruf Automobile Gmbh,47906,"3877 Amber Lane, West Lafayette, 47906, 765-333-4433"
S and S Coach Company  E.p. Dutton,47906,"3877 Amber Lane, West Lafayette, 47906, 765-333-4433"
Saab,47906,"3877 Amber Lane, West Lafayette, 47906, 765-333-4433"
Saleen,47906,"3877 Amber Lane, West Lafayette, 47906, 765-333-4433"
Saleen Performance,47906,"3877 Amber Lane, West Lafayette, 47906, 765-333-4433"
Saturn,47906,"3877 Amber Lane, West Lafayette, 47906, 765-333-4433"
Scion,47906,"3877 Amber Lane, West Lafayette, 47906, 765-333-4433"
Shelby,47906,"3877 Amber Lane, West Lafayette, 47906, 765-333-4433"
smart,47906,"3877 Amber Lane, West Lafayette, 47906, 765-333-4433"
Spyker,47906,"3877 Amber Lane, West Lafayette, 47906, 765-333-4433"
SRT,47906,"3877 Amber Lane, West Lafayette, 47906, 765-333-4433"
Sterling,47906,"3877 Amber Lane, West Lafayette, 47906, 765-333-4433"
Subaru,47906,"3877 Amber Lane, West Lafayette, 47906, 765-333-4433"
Superior Coaches Div E.p. Dutton,47906,"3877 Amber Lane, West Lafayette, 47906, 765-333-4433"
Suzuki,47906,"3877 Amber Lane, West Lafayette, 47906, 765-333-4433"
"Tecstar, LP",47906,"3877 Amber Lane, West Lafayette, 47906, 765-333-4433"
Tesla,47906,"3877 Amber Lane, West Lafayette, 47906, 765-333-4433"
Texas Coach Company,47906,"3877 Amber Lane, West Lafayette, 47906, 765-333-4433"
Toyota,47906,"3877 Amber Lane, West Lafayette, 47906, 765-333-4433"
TVR Engineering Ltd,47906,"3877 Amber Lane, West Lafayette, 47906, 765-333-4433"
Vector,47906,"3877 Amber Lane, West Lafayette, 47906, 765-333-4433"
Vixen Motor Company,47906,"3877 Amber Lane, West Lafayette, 47906, 765-333-4433"
Volga Associated Automobile,47906,"3877 Amber Lane, West Lafayette, 47906, 765-333-4433"
Volkswagen,47906,"3877 Amber Lane, West Lafayette, 47906, 765-333-4433"
Volvo,47906,"3877 Amber Lane, West Lafayette, 47906, 765-333-4433"
VPG,47906,"3877 Amber Lane, West Lafayette, 47906, 765-333-4433"
Wallace Environmental,47906,"3877 Amber Lane, West Lafayette, 47906, 765-333-4433"
Yugo,47906,"3877 Amber Lane, West Lafayette, 47906, 765-333-4433"
